ID	Name (Japanese)	Name (English)	Former name (Japanese)	Former name (English)	# of rooms	Address	Latitude	Longitude
1799	龍宮殿（プリンスグランドリゾート）	Ryuguden (Prince Grand Resort)			24	〒250-0522 神奈川県足柄下郡箱根町元箱根１３９	35.2117415	139.0110819
12599	立川ワシントンホテル	Tachikawa Washington Hotel			170	〒190-0023 東京都立川市柴崎町３丁目７?１６	35.696676	139.411839
45390	木更津ワシントンホテル	Kisarazu Washington Hotel			146	千葉県木更津市大和１-２-１	35.38095695	139.9278725
4274	名古屋マリオットアソシアホテル	Nagoya Marriott Associa			780	〒450-0002 愛知県名古屋市中村区名駅１丁目１?４	35.170527	136.883004
45282	名古屋プリンスホテル　スカイタワー	Nagoya Prince Hotel Sky Tower			170	愛知県名古屋市中村区平池町４-６０-１２　グローバルゲート３１階	35.1622605	136.8836895
32885	名古屋ＪＲゲートタワーホテル	Nagoya JR Gate Tower Hotel			350	愛知県名古屋市中村区名駅１−１−３	35.170711	136.882545
32913	万座高原ホテル	Manza Kogen Hotel			165	群馬県吾妻郡嬬恋村万座温泉	36.635918	138.509217
1616	万座プリンスホテル	Manza Prince Hotel			232	群馬県吾妻郡嬬恋村万座温泉	36.6370472	138.5078852
9811	宝塚ワシントンホテル	Takarazuka Washington Hotel			135	〒665-0845 兵庫県宝塚市栄町２丁目２?２	34.809841	135.340716
7335	富良野プリンスホテル	Furano Prince Hotel			118	〒076-0034 北海道富良野市北の峰町１８?６	43.340038	142.357622
3039	富士マリオットホテル山中湖	Fuji Marriott Hotel Yamanakako			103	〒401-0502 山梨県南都留郡山中湖村平野１２５６?１	35.439407	138.921029
8442	品川プリンスホテル	Shinagawa Prince Hotel			257	〒108-0074 東京都港区高輪４丁目１０?３０	35.62772785	139.7362457
2562	苗場プリンスホテル	Naeba Prince Hotel			1224	〒949-6212 新潟県南魚沼郡湯沢町三国２０２	36.791154	138.783214
52087	琵琶湖マリオットホテル	Lake Biwa Marriott Hotel			0	滋賀県守山市今浜町十軒家２８７６	35.12495314	135.9552577
341	八戸ワシントンホテル	Hachinohe Washington Hotel			126	〒031-0053 青森県八戸市徒士町１１	40.508836	141.488584
1820	箱根湯の花プリンスホテル	Hakone Yunohana Prince Hotel			59	〒250-0523 神奈川県足柄下郡箱根町芦之湯９３	35.22591283	139.0376958
66161	箱根園コテージ（プリンスグランドリゾート）	Hakone Garden Cottage (Prince Grand Resort)			77	神奈川県足柄下郡箱根町元箱根１４４	35.21390785	139.0080738
70380	箱根 仙石原プリンスホテル	Hakone Sengokuhara Prince Hotel			0	"箱根町, 仙石原１２４６"	35.26035887	138.9956452
3545	函館大沼プリンスホテル	Hakodate-Onuma Prince Hotel			292	北海道亀田郡七飯町西大沼温泉	41.994067	140.641969
10891	日南海岸　南郷プリンスホテル	Nichinankaigan Nango Prince Hotel			84	宮崎県日南市南郷町城浦　	31.52499962	131.3789978
536	南紀白浜マリオットホテル	Shirahama Nanki Marriott Hotel			100	和歌山県西牟婁郡白浜町２４２８	33.678168	135.348066
33187	藤田観光ワシントンホテル旭川	Fujita Kanko Washington Hotel Asahikawa			260	旭川市宮下通り７丁目	43.764852	142.358378
8426	東京マリオットホテル	Tokyo Marriott Hotel			249	〒140-0001 東京都品川区北品川４丁目７?３６	35.622036	139.736749
8158	東京ベイ有明ワシントンホテル	Tokyo Bay Ariake Washington Hotel			830	〒135-0063 東京都江東区有明３丁目７?１１	35.63263993	139.7929879
27422	東京プリンスホテル	Tokyo Prince Hotel			462	〒105-0011 東京都港区芝公園３丁目３?１	35.659009	139.747939
8435	東京ドームホテル	Tokyo Dome Hotel			1028	〒112-0004 東京都文京区後楽１丁目３?６１	35.703804	139.753485
8134	東急ステイ用賀	Tokyu Stay Yoga			79	〒158-0097 東京都世田谷区用賀４丁目４?１	35.62642	139.633599
8152	東急ステイ門前仲町	Tokyu Stay Monzennakacho			110	〒135-0047 東京都江東区富岡１丁目２３?２	35.671162	139.798839
8147	東急ステイ目黒・祐天寺	Tokyu Stay Meguro Yutenji			69	〒153-0052 東京都目黒区祐天寺２丁目１５?７	35.636099	139.690625
8148	東急ステイ日本橋	Tokyu Stay Nihonbashi			121	〒103-0023 東京都中央区日本橋本町４丁目７?９	35.690064	139.774924
8140	東急ステイ築地	Tokyu Stay Tsukiji	東急ステイ東銀座	Tokyu Stay Higashi-Ginza	125	〒104-0045 東京都中央区築地４丁目１１?５	35.665795	139.770844
8151	東急ステイ池袋	Tokyu Stay Ikebukuro			156	〒170-0014 東京都豊島区池袋２丁目１２?２	35.732317	139.707252
8428	東急ステイ青山プレミア	Tokyu Stay Aoyama Premier			170	〒107-0062 東京都港区南青山２丁目２７?１８	35.669143	139.716716
8144	東急ステイ西新宿	Tokyu Stay Nishi			149	〒160-0023 東京都新宿区西新宿５丁目９?８	35.690953	139.686701
8141	東急ステイ水道橋	Tokyu Stay Suidobashi			156	〒101-0061 東京都千代田区三崎町１丁目１?１２	35.700846	139.756516
8164	東急ステイ新宿	Tokyu Stay Shinjuku			179	〒160-0023 東京都新宿区西新宿３丁目７?１	35.690872	139.706219
8143	東急ステイ渋谷（道玄坂上）	Tokyu Stay Shibuya (Dogenzakaue)			126	〒150-0045 東京都渋谷区神泉町８?１４	35.655549	139.693576
8142	東急ステイ渋谷　新南口	Tokyu Stay Shibuya Shin-minamiguchi			150	〒150-0002 東京都渋谷区渋谷３丁目２６?２１	35.654858	139.705145
8138	東急ステイ四谷	Tokyu Stay Yotsuya			150	〒160-0004 東京都新宿区四谷２丁目１	35.6863	139.726736
8146	東急ステイ五反田	Tokyu Stay Gotanda			167	〒141-0022 東京都品川区東五反田１丁目１２?２	35.627081	139.724975
8150	東急ステイ銀座	Tokyu Stay Ginza			191	〒104-0061 東京都中央区銀座４丁目１０?５	35.670354	139.767402
8145	東急ステイ蒲田	Tokyu Stay Kamata			141	〒144-0052 東京都大田区蒲田４丁目２３?１	35.560814	139.721563
8570	帝国ホテル東京	Imperial Hotel Tokyo			931	〒100-0011 東京都千代田区内幸町１丁目１?１	35.67272894	139.7581587
9262	帝国ホテル大阪	Imperial Hotel Osaka			381	〒530-0042 大阪府大阪市北区天満橋１丁目８?５０	34.700677	135.519276
30144	嬬恋プリンスホテル	Tsumagoi Prince Hotel			110	群馬県吾妻郡嬬恋村嬬恋高原	36.554772	138.544674
9512	長崎ワシントンホテル	Nagasaki Washington Hotel			300	〒850-0842 長崎県長崎市新地町９?１	32.742094	129.875309
2474	中国割烹旅館　掬水亭（きくすいてい）	Chugoku Kappo Ryokan Kikusuitei			21	〒359-1145 埼玉県所沢市山口２９４２	35.769348	139.43927
9164	大阪新阪急ホテル	Hotel New Hankyu Osaka			1018	〒530-0012 大阪府大阪市北区芝田１丁目１?３５	34.704685	135.497666
9244	大阪マリオット都ホテル	Osaka Marriott Miyako Hotel			360	〒545-0052 大阪府大阪市阿倍野区阿倍野筋１丁目１?４３	34.64875	135.508579
8778	大磯プリンスホテル	Oiso Prince Hotel			298	〒259-0111 神奈川県中郡大磯町国府本郷５４６	35.301044	139.278851
1208	川奈ホテル	Kawana Hotel			101	〒414-0044 静岡県伊東市川奈１４５９	34.940143	139.139982
9705	川崎日航ホテル	Kawasaki Nikko Hotel			184	〒210-0024 神奈川県川崎市川崎区日進町１	35.53009609	139.696764
29211	川越プリンスホテル	Kawagoe Prince Hotel			109	埼玉県川越市新富町１−２２	35.914758	139.481815
3645	千葉ワシントンホテル	Chiba Washington Hotel			181	〒260-0015 千葉県千葉市中央区富士見１丁目１３?１	35.612134	140.118607
1904	仙台ワシントンホテル	Sendai Washington Hotel			223	〒980-0021 宮城県仙台市青葉区中央４丁目１０?８	38.257431	140.880907
3712	青森ワシントンホテル	Aomori Washington Hotel			230	〒030-0802 青森県青森市本町２丁目１?２６	40.827195	140.746221
41471	星野リゾート 磐梯山温泉ホテル	Hoshino Resorts Bandai Onsen Hotel			152	〒969-3302 福島県耶麻郡磐梯町更科清水平６８３８?６８	37.58045	140.02701
12416	星野リゾート　青森屋	Hoshino Resorts Aomoriya			231	〒033-0044 青森県三沢市古間木山５６	40.661456	141.35565
32350	星野リゾート　軽井沢ブレストンコート	Hoshino Resorts Karuizawa Bleston Court			49	〒389-0111 長野県北佐久郡軽井沢町長倉２１４４	36.357956	138.588508
31778	星野リゾート　界　箱根	Hoshino Resorts Kai Hakone			32	〒250-0312 神奈川県足柄下郡箱根町湯本茶屋２３０	35.223168	139.084095
3332	星野リゾート　界　日光	Hoshino Resorts Kai Nikko			33	〒321-1661 栃木県日光市中宮祠２４８２	36.736763	139.496507
29874	星野リゾート　界　津軽	Hoshino Resorts Kai Tsugaru			40	〒038-0211 青森県南津軽郡大鰐町大鰐上牡丹森３６?１	40.511822	140.574274
32603	星野リゾート　界　川治	Hoshino Resorts Kai Kawaji			54	〒321-2611 栃木県日光市川治温泉川治２２	36.896272	139.711023
33221	星野リゾート　界　鬼怒川	Hoshino Resorts Kai Kinugawa			48	〒321-2526 栃木県日光市鬼怒川温泉滝３０８	36.828135	139.715859
29390	星野リゾート　界　加賀	Hoshino Resorts Kai Kaga			48	〒922-0242 石川県加賀市山代温泉１８?４７	36.288829	136.360884
32016	星野リゾート　界　遠州	Hoshino Resorts Kai Enshu			36	〒431-1209 静岡県浜松市西区舘山寺町３９９?１	34.762172	137.620618
29793	星野リゾート　界　伊東	Hoshino Resorts Kai Ito			30	〒414-0016 静岡県伊東市岡広町２?２１	34.968458	139.091372
30794	星野リゾート　界　アンジン	Hoshino Resorts Kai Anjin			45	〒414-0023 静岡県伊東市渚町５?１２	34.971576	139.101028
29512	星野リゾート　界　アルプス	Hoshino Resorts Kai Alps			28	〒398-0001 長野県大町市平２８８４?２６	36.531719	137.807858
12413	星野リゾート　奥入瀬渓流ホテル	Hoshino Resorts Oirase Keiryu Hotel			189	〒034-0301 青森県十和田市奥瀬栃久保２３１	40.576521	140.982054
35076	星野リゾート ロテルド比叡	Hoshino Resortss L'Hotel de Hiei			29	"Ｈｉｅｉｚａｎ Ｉｐｐｏｎ Ｓｕｇｉ, Ｓａｋｙｏ-ｋｕ"	35.054495	135.833224
16298	星野リゾート　リゾナーレ八ヶ岳	Hoshino Resorts Risonare Yatsugatake			172	〒408-0044 山梨県北杜市小淵沢町１２９?１	35.86922	138.327325
17218	星野リゾート　リゾナーレ熱海	Hoshino Resorts Risonare Atami			77	〒413-0016 静岡県熱海市水口町２丁目１３?１	35.090891	139.063441
22302	星野リゾート　リゾナーレトマム	Hoshino Resorts Risonare Tomamu			200	北海道　勇払郡占冠村字中トマム	43.08639908	142.6360016
31295	星野リゾート　トマム　ザ・タワー	Hoshino Resorts Tomamu The Tower			720	北海道勇払郡占冠村中トマム	43.06314	142.631533
8569	星のや東京	Hoshinoya Tokyo			84	〒100-0004 東京都千代田区大手町１丁目９?１	35.6875	139.7649994
33441	星のや竹富島	Hoshinoya Taketomi Island			48	〒907-1101 沖縄県八重山郡竹富町竹富１９５５	24.32268744	124.0966209
3241	神戸メリケンパークオリエンタルホテル	Kobe Merikenpark Oriental Hotel			319	〒650-0042 兵庫県神戸市中央区波止場町５?６	34.67980513	135.1889205
40902	神戸ベイシェラトン ホテル&タワーズ	Kobe Bay Sheraton Hotel & Towers			276	兵庫県 神戸市 東灘区向洋町中 ２-１３ 六甲アイランド	34.68964	135.2701
7336	新富良野プリンスホテル	New Furano Prince Hotel			407	北海道富良野市中御料	43.32320023	142.3540039
8204	新宿ワシントンホテル　新館	Shinjuku Washington Hotel Annex			1279	〒160-0023 東京都新宿区西新宿３丁目２?９	35.68655895	139.6925414
8437	新宿プリンスホテル	Shinjuku Prince Hotel			571	〒160-0021 東京都新宿区歌舞伎町１丁目３０?１	35.69449716	139.7002682
6503	新横浜プリンスホテル	Shin Yokohama Prince Hotel			876	〒222-0033 神奈川県横浜市港北区新横浜３丁目４	35.50973519	139.6192492
29410	新・都ホテル	New Miyako Hotel			1020	〒601-8412 京都府京都市南区西九条院町１７	34.98397539	135.7558492
2456	松山全日空ホテル	ANA Hotel Matsuyama			330	〒790-0001 愛媛県松山市一番町３丁目２?１	33.840804	132.768602
29969	十和田プリンスホテル	Towada Prince Hotel			66	秋田県鹿角郡小坂町十和田湖西湖畔	40.453156	140.842254
8415	秋葉原ワシントンホテル	Akihabara Washington Hotel			370	〒101-0025 東京都千代田区神田佐久間町１丁目８?３	35.697268	139.773785
29463	雫石プリンスホテル	Shizukuishi Prince Hotel			266	岩手県岩手郡雫石町高倉温泉	39.773844	140.929887
29637	志賀高原プリンスホテル	Shiga Kogen Prince Hotel			666	長野県下高井郡山ノ内町志賀高原焼額山	36.745619	138.516819
25594	山形七日町ワシントンホテル	Yamagata Nanokamachi Washington Hotel			213	〒990-0042 山形県山形市七日町１丁目４?３１	38.253689	140.33899
30087	山形駅西口ワシントンホテル	Yamagata Eki Nishiguchi Washington Hotel			100	〒990-0827 山形県山形市城南町１丁目１?１	38.249107	140.326387
32113	三養荘	Sanyoso			35	静岡県伊豆の国市ままの上２７０	35.039179	138.934272
994	札幌全日空ホテル	ANA Hotel Sapporo			412	〒060-0003 北海道札幌市中央区北３条西１丁目２?９	43.065736	141.355121
970	札幌プリンスホテル	Sapporo Prince Hotel			587	北海道札幌市中央区南２条西１１丁目	43.055907	141.340908
139	佐世保ワシントンホテル	Sasebo Washington Hotel			190	〒857-0834 長崎県佐世保市潮見町１２?７	33.163522	129.728823
6961	広島ワシントンホテル	Hiroshima Washington Hotel			266	〒730-0034 広島県広島市中区新天地２?７	34.391467	132.462601
3633	軽井沢マリオットホテル	Karuizawa Marriott Hotel			76	〒389-0111 長野県北佐久郡軽井沢町長倉４３３９	36.339645	138.577411
3604	軽井沢プリンスホテルイースト	Karuizawa Prince Hotel East			162	〒389-0102 長野県北佐久郡軽井沢町軽井沢（大字）１０１６?７５	36.33990097	138.6399994
29595	軽井沢プリンスホテル	Karuizawa Prince Hotel			516	長野県北佐久郡軽井沢町軽井沢．	36.338937	138.636481
18318	郡山ワシントンホテル	Koriyama Washington Hotel			184	〒963-8001 福島県郡山市大町１丁目３?３	37.398627	140.385372
30982	屈斜路プリンスホテル	Kussharo Prince Hotel			208	北海道川上郡弟子屈町屈斜路温泉	43.584945	144.273953
9674	釧路プリンスホテル	Kushiro Prince Hotel			400	〒085-0017 北海道釧路市幸町７丁目１	42.984633	144.380423
29483	京都ホテルオークラ	Kyoto Hotel Okura			322	京都市中京区河原町通二条南入ル一之船入町５３７−４	35.011733	135.769378
8576	京王プラザホテル	Keio Plaza Hotel			1456	〒160-0023 東京都新宿区西新宿２丁目２?１	35.69015304	139.6943134
8568	丸ノ内ホテル	Marunouchi Hotel			205	〒100-0005 東京都千代田区丸の内１丁目６?３	35.683466	139.766389
3692	関西エアポートワシントンホテル	Kansai Airport Washington Hotel			502	〒598-0048 大阪府泉佐野市りんくう往来北１?７	34.411325	135.301568
5079	鎌倉プリンスホテル	Kamakura Prince Hotel			95	〒248-0025 神奈川県鎌倉市七里ガ浜東１丁目２?１８	35.30495	139.515253
6587	会津若松ワシントンホテル	Aizuwakamatsu Washington Hotel			154	〒965-0024 福島県会津若松市白虎町２０１	37.507133	139.933628
2240	下田プリンスホテル	Shimoda Prince Hotel			133	〒415-0012 静岡県下田市白浜１５４７?１	34.696247	138.973257
6464	横浜桜木町ワシントンホテル	Yokohama Sakuragicho Washington Hotel			553	〒231-0062 神奈川県横浜市中区桜木町１丁目１０１?１	35.45078383	139.6326143
6459	横浜伊勢佐木町ワシントンホテル	Yokohama Isezakicho Washington Hotel			399	〒231-0033 神奈川県横浜市中区長者町５丁目５３	35.44151821	139.6327452
6519	横浜ベイシェラトンホテル＆タワーズ	Yokohama Bay Sheraton Hotel & Towers			372	〒220-0004 神奈川県横浜市西区北幸１丁目３?２３	35.46684003	139.6201536
25567	燕三条ワシントンホテル	Tsubamesanjo Washington Hotel			103	〒959-1232 新潟県燕市井土巻３丁目６５	37.650997	138.934872
2468	浦和ワシントンホテル	Urawa Washington Hotel			140	〒330-0063 埼玉県さいたま市浦和区高砂２丁目１?１９	35.85722761	139.6546794
45277	伊豆マリオットホテル修善寺	Izu Marriott Hotel Shuzenji			128	〒410-2415 静岡県伊豆市大平１５２９	34.955229	138.919373
9260	レンブラントホテル大分	Rembrandt Hotel Oita			144	〒870-0816 大分県大分市田室町９?２０	33.233716	131.599268
22229	レンブラントホテル厚木	Rembrandt Hotel Atsugi			164	〒243-0018 神奈川県厚木市中町２丁目１３?１	35.443028	139.365402
1299	ラグナガーデンホテル	Laguna Garden Hotel			303	〒901-2224 沖縄県宜野湾市真志喜４丁目１?１	26.280706	127.73814
8567	マンダリン オリエンタル 東京	Mandarin Oriental Tokyo			178	〒103-0022 東京都中央区日本橋室町２丁目１?１	35.6867981	139.772995
8264	マイステイズ新浦安	Mystays Shin-Urayasu			175	〒279-0014 千葉県浦安市明海２丁目１?４	35.643761	139.915731
5022	ホテル日航立川　東京	Hotel Nikko Tokyo Tachikawa			100	〒190-0022 東京都立川市錦町１丁目１２?１	35.696661	139.419307
7222	ホテル日航福岡	Hotel Nikko Fukuoka			360	〒812-0011 福岡県福岡市博多区博多駅前２丁目１８?２５	33.591435	130.417202
6118	ホテル日航姫路	Hotel Nikko Himeji			257	〒670-0962 兵庫県姫路市南駅前町１００	34.825366	134.690278
2689	ホテル日航八重山	Hotel Nikko Yaeyama			245	〒907-0022 沖縄県石垣市大川５５９	24.347701	124.160798
4641	ホテル日航奈良	Hotel Nikko Nara			330	〒630-8122 奈良県奈良市三条本町８?１	34.68048356	135.818382
8803	ホテル日航大阪	Hotel Nikko Osaka			603	〒542-0086 大阪府大阪市中央区西心斎橋１丁目３?３	34.67388521	135.4997573
9641	ホテル日航成田	Hotel Nikko Narita			705	〒286-0106 千葉県成田市取香５００	35.783891	140.379398
1502	ホテル日航新潟	Hotel Nikko Niigata			201	〒950-0078 新潟県新潟市中央区万代島５?１	37.92741341	139.060868
6682	ホテル日航高知　旭ロイヤル	Hotel Nikko Kochi Asahi Royal			195	〒780-0832 高知県高知市九反田９?１５	33.557416	133.549302
1572	ホテル日航熊本	Hotel Nikko Kumamoto			191	〒860-0845 熊本県熊本市中央区上通町２?１	32.803387	130.711053
6333	ホテル日航金沢	Hotel Nikko Kanazawa			254	〒920-0853 石川県金沢市本町２丁目１５?１	36.57594227	136.649212
16094	ホテル日航関西空港	Hotel Nikko Kansai Airport			576	〒549-0001 大阪府泉佐野市泉州空港北１	34.438863	135.25394
30717	ホテル日航プリンセス京都	Hotel Nikko Princess Kyoto			216	京都府京都市下京区烏丸高辻東入高橋町６３０番地	35.000444	135.760809
174	ホテル日航ハウステンボス	Hotel Nikko Huis Ten Bosch			460	〒859-3243 長崎県佐世保市ハウステンボス町６	33.08998	129.788745
9364	ホテル日航ノースランド帯広	Hotel Nikko Northland Obihiro			171	〒080-0012 北海道帯広市西２条南１３丁目１	42.917225	143.20264
8651	ホテル日航アリビラ	Hotel Nikko Alivila			396	〒904-0327 沖縄県中頭郡読谷村儀間６００	26.414888	127.715652
8596	ホテル椿山荘東京	Hotel Chinzanso Tokyo			267	〒112-0014 東京都文京区関口２丁目１０?８	35.71214	139.726095
45631	ホテルモントレ姫路	Hotel Monterey Himeji			274	〒670-0913 兵庫県姫路市西駅前町６０	34.82749297	134.6925136
8464	ホテルモントレ半蔵門	Hotel Monterey Hanzomon			340	〒102-0082 東京都千代田区一番町２３?１	35.68685469	139.7421206
9218	ホテルモントレ大阪	Hotel Monterey Osaka			194	〒530-0001 大阪府大阪市北区梅田３丁目３?４５	34.69953211	135.4918405
1915	ホテルモントレ仙台	Hotel Monterey Sendai			206	〒980-0021 宮城県仙台市青葉区中央４丁目１?８	38.25800767	140.8806469
8476	ホテルモントレ赤坂	Hotel Monterey Akasaka			196	〒107-0052 東京都港区赤坂４丁目９?２４	35.67561959	139.7327301
975	ホテルモントレ札幌	Hotel Monterey Sapporo			248	〒060-0034 北海道札幌市中央区北４条東１丁目３	43.067257	141.356197
8465	ホテルモントレ銀座	Hotel Monterey Ginza			224	〒104-0061 東京都中央区銀座２丁目１０?２	35.67286255	139.7690188
29773	ホテルモントレ京都	Hotel Monterey Kyoto			327	京都市中京区烏丸通三条下ル饅頭屋町６０４	35.007911	135.75922
8709	ホテルモントレ沖縄　スパ＆リゾート	Hotel Monterey Okinawa Spa & Resort			339	〒904-0413 沖縄県国頭郡恩納村冨着１５５０?１	26.453988	127.806441
11038	ホテルモントレ横浜	Hotel Monterey Yokohama			170	〒231-0023 神奈川県横浜市中区山下町６?１	35.445737	139.64787
974	ホテルモントレエーデルホフ札幌	Hotel Monterey Sapporo			340	〒060-0002 北海道札幌市中央区北２条西１丁目１	43.064365	141.355498
7187	ホテルモントレ　ラ・スール福岡	Hotel Monterey La Soeur Fukuoka			209	〒810-0041 福岡県福岡市中央区大名２丁目８?２７	33.590967	130.395351
9219	ホテルモントレ　ラ・スール大阪	Hotel Monterey La Soeur Osaka			240	〒540-0001 大阪府大阪市中央区城見２丁目２?２２	34.69390869	135.5322621
8462	ホテルモントレ　ラ・スールギンザ	Hotel Monterey La Soeur Ginza			141	〒104-0061 東京都中央区銀座１丁目１０?１８	35.67389299	139.7693132
9238	ホテルモントレ　グラスミア大阪	Hotel Monterey Grasmere Osaka			411	〒556-0017 大阪府大阪市浪速区湊町１丁目２?３	34.666343	135.496081
3216	ホテルモンテエルマーナ神戸アマリ―	Hotel Monte Hermana Kobe Amalie			180	〒650-0004 兵庫県神戸市中央区中山手通２丁目２?２８	34.694502	135.189729
5019	ホテルマイステイズ立川	Hotel Mystays Tachikawa			121	〒190-0022 東京都立川市錦町１丁目８?１４	35.695296	139.418766
4236	ホテルマイステイズ名古屋栄	Hotel MyStays Nagoya Sakae			270	〒460-0005 愛知県名古屋市中区東桜２丁目２３?２２	35.169662	136.915063
7103	ホテルマイステイズ福岡天神南	Hotel Mystays Fukuoka Tenjin Minami			177	〒810-0003 福岡県福岡市中央区春吉３丁目１４?２０	33.588744	130.406346
7105	ホテルマイステイズ福岡天神	Hotel Mystays Fukuoka Tenjin			217	〒810-0001 福岡県福岡市中央区天神３丁目５?７	33.592279	130.39595
8285	ホテルマイステイズ舞浜	Hotel Mystays Maihama			90	〒279-0025 千葉県浦安市鉄鋼通り３丁目５?１	35.632926	139.892444
29148	ホテルマイステイズ富士山	Hotel MyStays Fuji			175	山梨県富士吉田市新倉２６５４	35.491735	138.780102
8046	ホテルマイステイズ日暮里	Hotel Mystays Nippori			93	〒116-0014 東京都荒川区東日暮里５丁目４３?７	35.72761	139.774262
8269	ホテルマイステイズ東池袋	Hotel Mystays Higashi-Ikebukuro			176	〒170-0013 東京都豊島区東池袋４丁目３９?１３	35.72947	139.723949
8785	ホテルマイステイズ大分	Hotel Mystays Oita			145	〒870-0046 大分県大分市荷揚町１?３２	33.239426	131.60815
8279	ホテルマイステイズ浅草	Hotel MyStays Asakusa			167	〒130-0004 東京都墨田区本所１丁目２１?１１	35.704019	139.797462
8272	ホテルマイステイズ西新宿	Hotel Mystays Nishi Shinjuku			102	〒160-0023 東京都新宿区西新宿７丁目１４?１４	35.695003	139.697344
8271	ホテルマイステイズ神田	Hotel Mystays Kanda			126	〒101-0032 東京都千代田区岩本町１丁目２?２	35.691493	139.775193
9160	ホテルマイステイズ新大阪コンファレンスセンター	Hotel MyStays Shin-Osaka Conference Center			397	〒532-0011 大阪府大阪市淀川区西中島６丁目２?１９	34.729501	135.49788
8815	ホテルマイステイズ心斎橋イースト	Hotel Mystays Shinsaibashi East			85	〒542-0082 大阪府大阪市中央区島之内２丁目６?４	34.671521	135.509879
8263	ホテルマイステイズ上野入谷口	Hotel Mystays Ueno Iriyaguchi			106	〒110-0015 東京都台東区東上野５丁目５?１３	35.712848	139.782053
8280	ホテルマイステイズ上野稲荷町	Hotel Mystays Ueno Inaricho			72	〒111-0036 東京都台東区松が谷１丁目５?７	35.711642	139.785197
8262	ホテルマイステイズ上野イースト	Hotel Mystays Ueno East			153	〒110-0015 東京都台東区東上野５丁目５?６	35.712599	139.782061
948	ホテルマイステイズ札幌中島公園	Hotel Mystays Sapporo Nakajima Park			101	〒064-0914 北海道札幌市中央区南１４条西１丁目１?２０	43.042505	141.356981
984	ホテルマイステイズ札幌駅北口	Hotel Mystays Sapporo Station			242	〒060-0808 北海道札幌市北区北８条西４丁目１５	43.070792	141.348931
987	ホテルマイステイズ札幌アスペン	Hotel Mystays Sapporo Aspen			316	〒060-0808 北海道札幌市北区北８条西４丁目５	43.070395	141.348801
9167	ホテルマイステイズ堺筋本町	Hotel MyStays Sakaisuji Honmachi			190	〒541-0047 大阪府大阪市中央区淡路町１丁目４?８	34.686575	135.507907
67293	ホテルマイステイズ御堂筋本町	Hotel Mystays Midosuji Honmachi			108	大阪府大阪市中央区本町３-２	34.6832611	135.5030847
8267	ホテルマイステイズ御茶ノ水	Hotel Mystays Ochanomizu			142	〒101-0063 東京都千代田区神田淡路町２丁目１０?６	35.697348	139.768502
8040	ホテルマイステイズ五反田駅前	Hotel Mystays Gotanda Station			333	〒141-0031 東京都品川区西五反田２丁目６?８	35.62658	139.722689
8286	ホテルマイステイズ五反田	Hotel Mystays Gotanda			110	〒141-0022 東京都品川区東五反田２丁目５?４	35.625346	139.728422
31039	ホテルマイステイズ金沢キャッスル	Hotel Mystays Kanazawa Castle			235	石川県金沢市此花町１０−１７	36.5784	136.652391
32057	ホテルマイステイズ京都四条	Hotel MyStays Kyoto Shijo			224	京都府京都市下京区四条通油小路東入る傘鉾町５２	35.003702	135.7544
8037	ホテルマイステイズ亀戸	Hotel Mystays Kameido			440	〒136-0071 東京都江東区亀戸６丁目３２?１	35.694381	139.828721
6479	ホテルマイステイズ横浜関内	Hotel MyStays Yokohama Kannai			165	〒231-0015 神奈川県横浜市中区尾上町５丁目６７?１	35.446672	139.634679
6480	ホテルマイステイズ横浜	Hotel Mystays Yokohama			218	〒231-0055 神奈川県横浜市中区末吉町４丁目８１	35.43879	139.622917
8275	ホテルマイステイズ羽田	Hotel Mystays Haneda			179	〒144-0043 東京都大田区羽田５丁目１?１３	35.551049	139.749118
1421	ホテルマイステイズ宇都宮	Hotel Mystays Utsunomiya			116	〒321-0953 栃木県宇都宮市東宿郷２丁目４?１	36.55815	139.901299
8460	ホテルマイステイズプレミア浜松町	Hotel Mystays Premier Hamamatsucho	アートホテルズ浜松町	Art Hotels Hamamatsucho	120	〒105-0013 東京都港区浜松町１丁目８?５	35.65920263	139.7563677
8459	ホテルマイステイズプレミア大森	Hotel MyStays Premier Omori	アートホテルズ大森	Art Ohmori	232	〒140-0013 東京都品川区南大井６丁目１９?３	35.59055	139.732425
8265	ホテルマイステイズプレミア赤坂	Hotel Mystays Premier Akasaka			333	〒107-0052 東京都港区赤坂２丁目１７?５４	35.670168	139.738321
983	ホテルマイステイズプレミア札幌パーク	Hotel Mystays Premier Sapporo Park	アートホテルズ札幌	Art Hotels Sapporo	426	北海道札幌市中央区南９条西２	43.04949951	141.3569946
6306	ホテルマイステイズプレミア金沢	Hotel MyStays Premier Kanazawa	ホテルマイステイズ金沢	Hotel Mystays Kanazawa	244	〒920-0031 石川県金沢市広岡２丁目１３?５	36.579862	136.643322
7319	ホテルフジタ福井	Hotel Fujita Fukui			354	〒910-0005 福井県福井市大手３丁目１２?２０	36.06514	136.218341
4633	ホテルフジタ奈良	Hotel Fujita Nara			117	〒630-8236 奈良県奈良市下三条町４７?１	34.68207519	135.8248147
29263	ホテルグレイスリー那覇	Hotel Gracery Naha			198	沖縄県那覇市松尾１−３−６	26.214053	127.682591
8332	ホテルグレイスリー田町	Hotel Gracery Tamachi			216	〒105-0023 東京都港区芝浦３丁目８?１	35.64365145	139.7509132
7737	ホテルグレイスリー新宿	Hotel Gracery Shinjuku			970	〒160-0021 東京都新宿区歌舞伎町１丁目１９?１	35.695321	139.701969
29643	ホテルグレイスリー札幌	Hotel Gracery Sapporo			1	北海道札幌市中央区北４条西４丁目	43.066296	141.349439
8500	ホテルグレイスリー銀座	Hotel Gracery Ginza			270	東京都中央区銀座７-１０-１ フロント３階	35.66898228	139.7636222
5940	ホテルグレイスリー京都三条	Hotel Gracery Kyoto Sanjo			97	京都府京都市中京区新京極通三条下ル桜之町４０６番	35.007785	135.767102
8546	ホテルオークラ東京	Hotel Okura Tokyo			381	〒105-0001 東京都港区虎ノ門２丁目１０?４	35.667001	139.744072
3237	ホテルオークラ神戸	Hotel Okura Kobe			475	兵庫県神戸市中央区波止場町２-１  メリケンパーク内	34.68369634	135.1880482
32135	ホテルオークラ札幌	Hotel Okura Sapporo			147	〒060-0061 北海道札幌市中央区南１条西５丁目９?１	43.059034	141.350483
4614	ホテルエピナール那須	Hotel Epinard Nasu			295	〒325-0302 栃木県那須郡那須町高久丙１	37.047897	140.0241
7185	ホテル　モンテ　エルマーナ福岡	Hotel Monte Hermana Fukuoka			373	福岡県福岡市中央区渡辺通３-４-２４	33.58499908	130.4049988
1914	ホテル　モンテ　エルマーナ仙台	Hotel Monte Hermana Sendai			275	〒980-0013 宮城県仙台市青葉区花京院１丁目２?１５	38.263762	140.881203
30443	ホテル　シーパラダイス　イン	Hotel Sea Paradise Inn			48	神奈川県横浜市金沢区八景島	35.334222	139.646915
8572	ホテル　インターコンチネンタル東京ベイ	InterContinental Tokyo Bay			339	〒105-0022 東京都港区海岸１丁目１６?２	35.65283128	139.7621869
2302	ベストウェスタンレンブラントホテル東京町田	Best Western Rembrandt Hotel Tokyo Machida Tokyo	エルシィ町田	Erushii Machida	100	〒194-0013 東京都町田市原町田３丁目２?９	35.540444	139.45035
4750	ベストウェスタンレンブラントホテル鹿児島リゾート	Best Western Rembrandt Hotel Kagoshima Resort			198	〒890-0064 鹿児島県鹿児島市鴨池新町２２?１	31.555641	130.560097
5984	フォーシーズンズホテル京都	Four Seasons Hotel Kyoto			180	〒605-0932 京都府京都市東山区妙法院前側町４４７?１	34.99169922	135.7749939
9306	びわ湖大津プリンスホテル	Biwako Otsu Prince Hotel	大津プリンスホテル	Otsu Prince Hotel	530	〒520-0801 滋賀県大津市におの浜４丁目７?７	35.0047484	135.8894701
4157	ヒルトン名古屋	Hilton Nagoya			460	〒460-0008 愛知県名古屋市中区栄１丁目３?３	35.167553	136.894672
30109	ヒルトン福岡シーホーク	Hilton Fukuoka Sea Hawk			1053	〒810-0065 福岡県福岡市中央区地行浜２丁目２?３	33.59457526	130.3605122
8584	ヒルトン東京ベイ	Hilton Tokyo Bay			828	〒279-0031 千葉県浦安市舞浜１?８	35.626977	139.87379
8577	ヒルトン東京お台場	Hilton Tokyo Odaiba			453	〒135-0091 東京都港区台場１丁目９?１	35.626407	139.770581
9254	ヒルトン大阪	Hilton Osaka			527	〒530-0001 大阪府大阪市北区梅田１丁目８?８	34.69989328	135.4960207
9619	ヒルトン成田	Hilton Tokyo Narita Airport			548	〒286-0127 千葉県成田市小菅４５６	35.784675	140.353586
1844	ヒルトン小田原リゾート＆スパ	Hilton Odawara Resort & Spa			173	〒250-0024 神奈川県小田原市根府川５８３?１	35.206761	139.131557
9880	ヒルトン沖縄北谷リゾート	Hilton Okinawa Chatan Resort			346	〒904-0115 沖縄県中頭郡北谷町美浜（字）４０?１	26.319403	127.754479
3806	ヒルトンニセコビレッジ	Hilton Niseko Village			506	北海道虻田郡ニセコ町東山温泉	42.84629822	140.6849976
8549	パレスホテル東京	Palace Hotel Tokyo			290	〒100-0005 東京都千代田区丸の内１丁目１?１	35.68460083	139.7610016
5981	ハイアットリージェンシー京都	Hyatt Regency Kyoto			187	〒605-0941 京都府京都市東山区三十三間堂廻リ６４４?２	34.988598	135.773567
11286	ハイアット　リージェンシー　福岡	Hyatt Regency Fukuoka			246	〒812-0013 福岡県福岡市博多区博多駅東２丁目１４?１	33.589307	130.427043
4142	ハイアット　リージェンシー　那覇　沖縄	Hyatt Regency Okinawa Naha			294	〒900-0013 沖縄県那覇市牧志３丁目６?２０	26.214418	127.690198
8486	ハイアット　リージェンシー　東京	Hyatt Regency Tokyo			746	〒160-0023 東京都新宿区西新宿２丁目７?２	35.6908751	139.6911886
9228	ハイアット　リージェンシー　大阪	Hyatt Regency Osaka			480	〒559-0034 大阪府大阪市住之江区南港北１丁目１３?１１	34.636974	135.416183
42978	パークハイアット 東京	Park Hyatt Tokyo			177	東京都 新宿区 西新宿３-７-１-２	35.685516	139.69112
9223	なんばオリエンタルホテル	Namba Oriental Hotel			258	〒542-0074 大阪府大阪市中央区千日前２丁目８?１７	34.665777	135.503629
31600	ストリングスホテル東京インターコンチネンタル	The Strings by InterContinental Tokyo			206	〒108-0075 東京都港区港南２丁目１６?１ 品川イーストワンタワー	35.627934	139.740771
29091	シェラトン北海道キロロリゾート	Sheraton Hokkaido Kiroro Resort			140	北海道余市郡赤井川村字常盤６５０番地先	43.067536	140.988591
8439	シェラトン都ホテル東京	Sheraton Miyako Hotel Tokyo			497	〒108-0071 東京都港区白金台１丁目１?５０	35.63946248	139.7303207
9217	シェラトン都ホテル大阪	Sheraton Miyako Hotel Osaka			575	〒543-0001 大阪府大阪市天王寺区上本町６丁目１?５５	34.66563663	135.520678
8699	シェラトン沖縄サンマリーナリゾート	Sheraton Okinawa Sun Marina Resort	サンマリーナホテル	San Marina Hotel	246	〒904-0413 沖縄県国頭郡恩納村冨着６６?１	26.461105	127.811607
6987	シェラトングランドホテル広島	Sheraton Grand Hotel Hiroshima			238	〒732-0053 広島県広島市東区若草町１２?１	34.397961	132.477769
8545	シェラトン・グランデ・トーキョーベイ・ホテル	Sheraton Grande Tokyo Bay Hotel			1016	〒279-0031 千葉県浦安市舞浜１?９	35.62602351	139.8780365
6812	シェラトン・グランデ・オーシャンリゾート	Sheraton Grande Ocean Resort			736	宮崎市山崎町浜山	31.958983	131.470096
8173	サンシャインシティプリンスホテル	Sunshine City Prince Hotel			1107	〒170-0013 東京都豊島区東池袋３丁目１?５	35.729743	139.719532
8538	ザ・リッツ・カールトン東京	The Ritz-Carlton Tokyo			248	"東京, 港区赤坂９-７-１　東京ミッドタウン"	35.66609955	139.7310028
9233	ザ・リッツ・カールトン大阪	The Ritz-Carlton Osaka			292	〒530-0001 大阪府大阪市北区梅田２丁目５?２５	34.698134	135.492361
32157	ザ・リッツ・カールトン京都	The Ritz-Carlton Kyoto			134	京都府京都市中京区鴨川二条大橋畔	35.013382	135.770873
4290	ザ・リッツ・カールトン沖縄	The Ritz-Carlton Okinawa			97	〒905-0026 沖縄県名護市喜瀬１３４３?１	26.528272	127.939824
8533	ザ・ペニンシュラ東京	The Peninsula Tokyo			314	〒100-0006 東京都千代田区有楽町１丁目８?１	35.674735	139.760673
8537	ザ・プリンスギャラリー　東京紀尾井町	The Prince Gallery Tokyo Kioicho			250	〒102-0094 東京都千代田区紀尾井町１?２	35.680263	139.737756
66158	ザ・プリンス　箱根芦ノ湖	The Prince Hakone Ashinoko	ザ・プリンス箱根	The Prince Hakone	134	足柄下郡箱根町元箱根１４４	35.213918	139.007962
32972	ザ・プリンス　軽井沢	The Prince Karuizawa			136	長野県北佐久郡軽井沢町軽井沢	36.329525	138.637338
8539	ザ・プリンス　パークタワー東京	The Prince Park Tower Tokyo			603	〒105-0011 東京都港区芝公園４丁目８?１	35.65548058	139.7471131
8575	コンラッド東京	Conrad Tokyo			290	〒105-0021 東京都港区東新橋１丁目９?１	35.663192	139.761218
34752	コンラッド大阪	Conrad Osaka			164	〒530-0005 大阪府大阪市北区中之島３丁目２?４	34.692995	135.495621
8503	コートヤード・マリオット　銀座東武ホテル	Courtyard by Marriott Tokyo Ginza			206	〒104-0061 東京都中央区銀座６丁目１４?１０	35.66829351	139.7650471
8497	コートヤード・バイ・マリオット東京ステーション	Courtyard by Marriott Tokyo Station			150	〒104-0031 東京都中央区京橋２丁目１?３	35.677877	139.769777
9235	コートヤード・バイ・マリオット新大阪ステーション	Courtyard by Marriott Shin-Osaka Station			332	〒532-0003 大阪府大阪市淀川区宮原１丁目２?７０	34.734236	135.499152
6992	グランドプリンスホテル広島	Grand Prince Hotel Hiroshima			510	〒734-0012 広島県広島市南区元宇品町２３?１	34.342955	132.463794
33126	グランドプリンスホテル京都	Grand Prince Hotel Kyoto			311	京都府京都市左京区宝ヶ池	35.06294	135.781123
8571	グランドハイアット東京	Grand Hyatt Tokyo			387	〒106-0032 東京都港区六本木６丁目１０?３	35.65980148	139.7279968
36145	グランドニッコー東京 台場	Grand Nikko Tokyo Odaiba			882	〒135-0091 東京都港区台場２丁目６?１	35.625584	139.771028
7239	グランド　ハイアット　福岡	Grand Hyatt Fukuoka			370	〒812-0018 福岡県福岡市博多区住吉１丁目２?８２	33.589824	130.410376
7161	キャナルシティ・福岡ワシントンホテル	Canal City Fukuoka Washington Hotel			423	〒812-0018 福岡県福岡市博多区住吉１丁目２?２０	33.59019616	130.4110688
6982	オリエンタルホテル広島	Oriental Hotel Hiroshima			227	〒730-0026 広島県広島市中区田中町６?１０	34.388252	132.463951
4305	オキナワ　マリオット　リゾート　＆　スパ	Okinawa Marriott Resort & Spa			361	〒905-0026 沖縄県名護市喜瀬１４９０?１	26.530173	127.933529
7667	オークラホテル高松	Okura Hotel Takamatsu			338	〒760-0036 香川県高松市城東町１丁目９?５	34.346164	134.058135
9788	オークラアクトシティホテル浜松	Okura Act City Hotel Hamamatsu			322	〒430-0928 静岡県浜松市中区板屋町１１１?２	34.705637	137.737225
36110	ウェスティン都ホテル 京都	The Westin Miyako Kyoto			499	"Ｋｅａｇｅ, Ｓａｎｊｏ, Ｈｉｇａｓｈｉｙａｍａ"	35.00943	135.787302
29561	ウェスティンホテル東京	The Westin Hotel Tokyo			438	〒153-0062 東京都目黒区三田１丁目４?１	35.64177849	139.7155107
18305	ウェスティンホテル淡路	The Westin Awaji Island			201	〒656-2306 兵庫県淡路市夢舞台２	34.560269	135.007872
9243	ウェスティンホテル大阪	The Westin Osaka			303	〒531-0076 大阪府大阪市北区大淀中１丁目１?２０	34.704794	135.489627
31862	ウェスティンホテル仙台	The Westin Sendai			292	宮城県仙台市青葉区一番町１−９−１　仙台トラストタワー	38.256674	140.876265
4775	ウェスティン ルスツリゾート	The Westin Rusutsu Resort	ルスツ　タワー	Rusutsu Tower	530	〒048-1711 北海道虻田郡留寿都村泉川１３３	42.7478981	140.9049988
18360	ウィスタリアンライフクラブ鳥羽	Wisterian Life Club Toba			76	〒517-0021 三重県鳥羽市安楽島町１０４５?１７	34.474811	136.867796
30998	ウィスタリアンライフクラブ宇佐美	Wisterian Life Club Usami			58	静岡県伊東市宇佐美字仲山３２４２−２２５	34.998713	139.060711
19405	ウィスタリアンライフクラブ　ヴェルデの森	Wisterian Life Club Verde no Mori			100	〒250-0407 神奈川県足柄下郡箱根町二ノ平１２７４	35.242115	139.045535
9249	インターコンチネンタルホテル大阪	Intercontinental Osaka			272	〒530-0011 大阪府大阪市北区大深町３?６０	34.706331	135.49444
6152	いわきワシントンホテル	Iwaki Washington Hotel			148	〒970-8026 福島県いわき市平一町目１	37.055222	140.888276
8581	アンダーズ東京	Andaz Tokyo			164	〒105-0001 東京都港区虎ノ門１丁目２３?４	35.66640091	139.75
24072	アワーズイン阪急	Ours Inn Hankyu			1388	〒140-0014 東京都品川区大井１丁目５０?５	35.605598	139.73438
38239	アマン東京	Aman Tokyo			84	〒100-0004 東京都千代田区大手町１丁目５?５ 大手町タワー	35.68550418	139.7654516
33473	アスコット丸の内東京	Ascot Tokyo Marunouchi			138	〒100-0004 東京都千代田区大手町１丁目１?１	35.68691	139.762831
1923	ＡＮＡホリデイ・イン仙台	ANA Holiday Inn Sendai			178	〒984-0051 宮城県仙台市若林区新寺１丁目４?１	38.255467	140.883936
952	ＡＮＡホリデイ・イン札幌すすきの	ANA Holiday Inn Sapporo Susukino			180	〒064-0805 北海道札幌市中央区南５条西３丁目７	43.054828	141.354779
6298	ＡＮＡホリデイ・イン金沢スカイ	ANA Holiday Inn Kanazawa Sky	金沢スカイホテル	Kanazawa Sky Hotel	103	〒920-0855 石川県金沢市武蔵町１５?１	36.572038	136.654885
13430	ＡＮＡクラウンプラザホテル福岡	ANA Crowne Plaza Fukuoka			320	"福岡県福岡市博多区博多駅前３-３-３■１２/９ １０時〜ふっこう割クーポン２,０００円追加発行！■全室Ｗｉｆｉ・有線ＬＡＮ無料■朝食は朝６時から！■クラブルームにご宿泊のお客様はクラブラウンジ（ご朝食・ティータイム・カクテルタイム）やプール・サウナ・ジムがご利用無料♪"	33.58739853	130.4179993
7419	ＡＮＡクラウンプラザホテル富山	ANA Crowne Plaza Toyama			251	〒930-0084 富山県富山市大手町２?３	36.691686	137.211949
9550	ＡＮＡクラウンプラザホテル長崎グラバーヒル	ANA Crowne Plaza Nagasaki Gloverhill			216	〒850-0931 長崎県長崎市南山手町１?１８	32.735691	129.870051
648	ＡＮＡクラウンプラザホテル稚内	ANA Crowne Plaza Wakkanai	稚内全日空ホテル	Wakkanai ANA Hotel	143	〒097-0023 北海道稚内市開運１丁目２?２	45.419152	141.678668
9239	ＡＮＡクラウンプラザホテル大阪	ANA Crowne Plaza Osaka			473	〒530-0004 大阪府大阪市北区堂島浜１丁目３?１	34.695583	135.49827
23174	ＡＮＡクラウンプラザホテル千歳	ANA Crowne Plaza Chitose			288	〒066-0036 北海道千歳市北栄２丁目２?１	42.830684	141.646627
9625	ＡＮＡクラウンプラザホテル成田	ANA Crowne Plaza Narita			396	〒286-0107 千葉県成田市堀之内６８	35.78722	140.372344
30840	ＡＮＡクラウンプラザホテル神戸	ANA Crowne Plaza Kobe			593	兵庫県神戸市中央区北野町１	34.704616	135.195261
1514	ＡＮＡクラウンプラザホテル新潟	ANA Crowne Plaza Niigata	ホテル新潟	Hotel Niigata	182	〒950-0088 新潟県新潟市中央区万代５丁目１１?２０	37.918376	139.05917
6988	ＡＮＡクラウンプラザホテル広島	ANA Crowne Plaza Hiroshima			409	〒730-0037 広島県広島市中区中町７?２０	34.390273	132.456878
1582	ＡＮＡクラウンプラザホテル熊本ニュースカイ	ANA Crowne Plaza Kumamoto Newsky			186	〒860-0034 熊本県熊本市中央区東阿弥陀寺町２	32.793535	130.696637
9676	ＡＮＡクラウンプラザホテル釧路	ANA Crowne Plaza Kushiro			180	〒085-0016 北海道釧路市錦町３丁目７	42.982517	144.382033
34722	ＡＮＡクラウンプラザホテル金沢	ANA Crowne Plaza Kanazawa			249	〒920-0856 石川県金沢市昭和町１６?３	36.576753	136.649033
5959	ＡＮＡクラウンプラザホテル京都	ANA Crowne Plaza Kyoto			291	"京都市, 中京区　堀川通二条城前"	35.01279831	135.7519989
4501	ＡＮＡクラウンプラザホテル沖縄ハーバービュー	ANA Crowne Plaza Okinawa Harborview			352	〒900-0021 沖縄県那覇市泉崎２丁目４６	26.209243	127.680196
28490	ＡＮＡクラウンプラザホテル岡山	ANA Crowne Plaza Okayama	岡山全日空ホテル	ANA Hotel Okayama	224	〒700-0024 岡山県岡山市北区駅元町１５?１	34.666668	133.916113
1044	ＡＮＡクラウンプラザホテル宇部	ANA Crowne Plaza Ube			140	〒755-0043 山口県宇部市相生町８?１	33.955148	131.244916
30054	ＡＮＡクラウンプラザホテルグランコート名古屋	ANA Crowne Plaza Grand Court Nagoya			246	〒460-0023 愛知県名古屋市中区金山町１丁目１?１	35.14271	136.900036
7681	ＡＮＡインターコンチネンタル万座ビーチリゾート	ANA InterContinental Manza Beach Resort			397	〒904-0404 沖縄県国頭郡恩納村瀬良垣２２６０	26.508413	127.857201
2613	ＡＮＡインターコンチネンタル石垣リゾート	ANA InterContinental Ishigaki Resort			255	〒907-0002 沖縄県石垣市真栄里３５４?１	24.335105	124.18703
8599	ＡＮＡインターコンチネンタルホテル東京	ANA InterContinental Hotel Tokyo			844	〒107-0052 東京都港区赤坂１丁目１２?３３	35.668199	139.741106
6811	ＡＮＡホリデイ・イン　リゾート宮崎	ANA Holiday Inn Resort Miyazaki			214	〒889-2162 宮崎県宮崎市青島１丁目１６?１	31.806172	131.461365
								
								
								
								
								
								
								
								
								
	 							
